"date","season","home_team","away_team","home_goals","away_goals","result"
2016-09-13,"2016/2017","Benfica pt","tr Beşiktaş",1,1,"D"
2016-09-13,"2016/2017","Bayern Munich de","ru Rostov",5,0,"H"
2016-09-13,"2016/2017","Paris S-G fr","eng Arsenal",1,1,"D"
2016-09-13,"2016/2017","Barcelona es","sct Celtic",7,0,"H"
2016-09-13,"2016/2017","PSV Eindhoven nl","es Atlético Madrid",0,1,"A"
2016-09-13,"2016/2017","Basel ch","bg Ludogorets",1,1,"D"
2016-09-13,"2016/2017","Dynamo Kyiv ua","it Napoli",1,2,"A"
2016-09-14,"2016/2017","Porto pt","dk FC Copenhagen",1,1,"D"
2016-09-14,"2016/2017","Tottenham eng","fr Monaco",1,2,"A"
2016-09-14,"2016/2017","Manchester City eng","de Gladbach",4,0,"H"
2016-09-14,"2016/2017","Club Brugge be","eng Leicester City",0,3,"A"
2016-09-14,"2016/2017","Real Madrid es","pt Sporting CP",2,1,"H"
2016-09-14,"2016/2017","Legia Warsaw pl","de Dortmund",0,6,"A"
2016-09-14,"2016/2017","Leverkusen de","ru CSKA Moscow",2,2,"D"
2016-09-14,"2016/2017","Lyon fr","hr Dinamo Zagreb",3,0,"H"
2016-09-14,"2016/2017","Juventus it","es Sevilla",0,0,"D"
2016-09-27,"2016/2017","Sporting CP pt","pl Legia Warsaw",2,0,"H"
2016-09-27,"2016/2017","Leicester City eng","pt Porto",1,0,"H"
2016-09-27,"2016/2017","Sevilla es","fr Lyon",1,0,"H"
2016-09-27,"2016/2017","Monaco fr","de Leverkusen",1,1,"D"
2016-09-27,"2016/2017","FC Copenhagen dk","be Club Brugge",4,0,"H"
2016-09-27,"2016/2017","Dortmund de","es Real Madrid",2,2,"D"
2016-09-27,"2016/2017","Dinamo Zagreb hr","it Juventus",0,4,"A"
2016-09-27,"2016/2017","CSKA Moscow ru","eng Tottenham",0,1,"A"
2016-09-28,"2016/2017","Celtic sct","eng Manchester City",3,3,"D"
2016-09-28,"2016/2017","Arsenal eng","ch Basel",2,0,"H"
2016-09-28,"2016/2017","Gladbach de","es Barcelona",1,2,"A"
2016-09-28,"2016/2017","Napoli it","pt Benfica",4,2,"H"
2016-09-28,"2016/2017","Atlético Madrid es","de Bayern Munich",1,0,"H"
2016-09-28,"2016/2017","Beşiktaş tr","ua Dynamo Kyiv",1,1,"D"
2016-09-28,"2016/2017","Rostov ru","nl PSV Eindhoven",2,2,"D"
2016-09-28,"2016/2017","Ludogorets bg","fr Paris S-G",1,3,"A"
2016-10-18,"2016/2017","Sporting CP pt","de Dortmund",1,2,"A"
2016-10-18,"2016/2017","Leicester City eng","dk FC Copenhagen",1,0,"H"
2016-10-18,"2016/2017","Lyon fr","it Juventus",0,1,"A"
2016-10-18,"2016/2017","Leverkusen de","eng Tottenham",0,0,"D"
2016-10-18,"2016/2017","Club Brugge be","pt Porto",1,2,"A"
2016-10-18,"2016/2017","Real Madrid es","pl Legia Warsaw",5,1,"H"
2016-10-18,"2016/2017","Dinamo Zagreb hr","es Sevilla",0,1,"A"
2016-10-18,"2016/2017","CSKA Moscow ru","fr Monaco",1,1,"D"
2016-10-19,"2016/2017","Celtic sct","de Gladbach",0,2,"A"
2016-10-19,"2016/2017","Arsenal eng","bg Ludogorets",6,0,"H"
2016-10-19,"2016/2017","Paris S-G fr","ch Basel",3,0,"H"
2016-10-19,"2016/2017","Barcelona es","eng Manchester City",4,0,"H"
2016-10-19,"2016/2017","Bayern Munich de","nl PSV Eindhoven",4,1,"H"
2016-10-19,"2016/2017","Napoli it","tr Beşiktaş",2,3,"A"
2016-10-19,"2016/2017","Dynamo Kyiv ua","pt Benfica",0,2,"A"
2016-10-19,"2016/2017","Rostov ru","es Atlético Madrid",0,1,"A"
2016-11-01,"2016/2017","Manchester City eng","es Barcelona",3,1,"H"
2016-11-01,"2016/2017","Benfica pt","ua Dynamo Kyiv",1,0,"H"
2016-11-01,"2016/2017","PSV Eindhoven nl","de Bayern Munich",1,2,"A"
2016-11-01,"2016/2017","Basel ch","fr Paris S-G",1,2,"A"
2016-11-01,"2016/2017","Atlético Madrid es","ru Rostov",2,1,"H"
2016-11-01,"2016/2017","Beşiktaş tr","it Napoli",1,1,"D"
2016-11-01,"2016/2017","Gladbach de","sct Celtic",1,1,"D"
2016-11-01,"2016/2017","Ludogorets bg","eng Arsenal",2,3,"A"
2016-11-02,"2016/2017","Porto pt","be Club Brugge",1,0,"H"
2016-11-02,"2016/2017","Tottenham eng","de Leverkusen",0,1,"A"
2016-11-02,"2016/2017","Legia Warsaw pl","es Real Madrid",3,3,"D"
2016-11-02,"2016/2017","FC Copenhagen dk","eng Leicester City",0,0,"D"
2016-11-02,"2016/2017","Juventus it","fr Lyon",1,1,"D"
2016-11-02,"2016/2017","Monaco fr","ru CSKA Moscow",3,0,"H"
2016-11-02,"2016/2017","Sevilla es","hr Dinamo Zagreb",4,0,"H"
2016-11-02,"2016/2017","Dortmund de","pt Sporting CP",1,0,"H"
2016-11-22,"2016/2017","Sporting CP pt","es Real Madrid",1,2,"A"
2016-11-22,"2016/2017","Leicester City eng","be Club Brugge",2,1,"H"
2016-11-22,"2016/2017","CSKA Moscow ru","de Leverkusen",1,1,"D"
2016-11-22,"2016/2017","Dortmund de","pl Legia Warsaw",8,4,"H"
2016-11-22,"2016/2017","Monaco fr","eng Tottenham",2,1,"H"
2016-11-22,"2016/2017","FC Copenhagen dk","pt Porto",0,0,"D"
2016-11-22,"2016/2017","Sevilla es","it Juventus",1,3,"A"
2016-11-22,"2016/2017","Dinamo Zagreb hr","fr Lyon",0,1,"A"
2016-11-23,"2016/2017","Arsenal eng","fr Paris S-G",2,2,"D"
2016-11-23,"2016/2017","Celtic sct","es Barcelona",0,2,"A"
2016-11-23,"2016/2017","Rostov ru","de Bayern Munich",3,2,"H"
2016-11-23,"2016/2017","Gladbach de","eng Manchester City",1,1,"D"
2016-11-23,"2016/2017","Atlético Madrid es","nl PSV Eindhoven",2,0,"H"
2016-11-23,"2016/2017","Napoli it","ua Dynamo Kyiv",0,0,"D"
2016-11-23,"2016/2017","Beşiktaş tr","pt Benfica",3,3,"D"
2016-11-23,"2016/2017","Ludogorets bg","ch Basel",0,0,"D"
2016-12-06,"2016/2017","Manchester City eng","sct Celtic",1,1,"D"
2016-12-06,"2016/2017","Benfica pt","it Napoli",1,2,"A"
2016-12-06,"2016/2017","Basel ch","eng Arsenal",1,4,"A"
2016-12-06,"2016/2017","Paris S-G fr","bg Ludogorets",2,2,"D"
2016-12-06,"2016/2017","Barcelona es","de Gladbach",4,0,"H"
2016-12-06,"2016/2017","PSV Eindhoven nl","ru Rostov",0,0,"D"
2016-12-06,"2016/2017","Bayern Munich de","es Atlético Madrid",1,0,"H"
2016-12-06,"2016/2017","Dynamo Kyiv ua","tr Beşiktaş",6,0,"H"
2016-12-07,"2016/2017","Tottenham eng","ru CSKA Moscow",3,1,"H"
2016-12-07,"2016/2017","Porto pt","eng Leicester City",5,0,"H"
2016-12-07,"2016/2017","Legia Warsaw pl","pt Sporting CP",1,0,"H"
2016-12-07,"2016/2017","Lyon fr","es Sevilla",0,0,"D"
2016-12-07,"2016/2017","Real Madrid es","de Dortmund",2,2,"D"
2016-12-07,"2016/2017","Club Brugge be","dk FC Copenhagen",0,2,"A"
2016-12-07,"2016/2017","Leverkusen de","fr Monaco",3,0,"H"
2016-12-07,"2016/2017","Juventus it","hr Dinamo Zagreb",2,0,"H"
2017-02-14,"2016/2017","Benfica pt","de Dortmund",1,0,"H"
2017-02-14,"2016/2017","Paris S-G fr","es Barcelona",4,0,"H"
2017-02-15,"2016/2017","Bayern Munich de","eng Arsenal",5,1,"H"
2017-02-15,"2016/2017","Real Madrid es","it Napoli",3,1,"H"
2017-02-21,"2016/2017","Manchester City eng","fr Monaco",5,3,"H"
2017-02-21,"2016/2017","Leverkusen de","es Atlético Madrid",2,4,"A"
2017-02-22,"2016/2017","Porto pt","it Juventus",0,2,"A"
2017-02-22,"2016/2017","Sevilla es","eng Leicester City",2,1,"H"
2017-03-07,"2016/2017","Arsenal eng","de Bayern Munich",1,5,"A"
2017-03-07,"2016/2017","Napoli it","es Real Madrid",1,3,"A"
2017-03-08,"2016/2017","Barcelona es","fr Paris S-G",6,1,"H"
2017-03-08,"2016/2017","Dortmund de","pt Benfica",4,0,"H"
2017-03-14,"2016/2017","Leicester City eng","es Sevilla",2,0,"H"
2017-03-14,"2016/2017","Juventus it","pt Porto",1,0,"H"
2017-03-15,"2016/2017","Atlético Madrid es","de Leverkusen",0,0,"D"
2017-03-15,"2016/2017","Monaco fr","eng Manchester City",3,1,"H"
2017-04-11,"2016/2017","Juventus it","es Barcelona",3,0,"H"
2017-04-12,"2016/2017","Dortmund de","fr Monaco",2,3,"A"
2017-04-12,"2016/2017","Atlético Madrid es","eng Leicester City",1,0,"H"
2017-04-12,"2016/2017","Bayern Munich de","es Real Madrid",1,2,"A"
2017-04-18,"2016/2017","Leicester City eng","es Atlético Madrid",1,1,"D"
2017-04-18,"2016/2017","Real Madrid es","de Bayern Munich",4,2,"H"
2017-04-19,"2016/2017","Barcelona es","it Juventus",0,0,"D"
2017-04-19,"2016/2017","Monaco fr","de Dortmund",3,1,"H"
2017-05-02,"2016/2017","Real Madrid es","es Atlético Madrid",3,0,"H"
2017-05-03,"2016/2017","Monaco fr","it Juventus",0,2,"A"
2017-05-09,"2016/2017","Juventus it","fr Monaco",2,1,"H"
2017-05-10,"2016/2017","Atlético Madrid es","es Real Madrid",2,1,"H"
2017-06-03,"2016/2017","Juventus it","es Real Madrid",1,4,"A"
2017-09-12,"2017/2018","Chelsea eng","az Qarabağ",6,0,"H"
2017-09-12,"2017/2018","Celtic sct","fr Paris S-G",0,5,"A"
2017-09-12,"2017/2018","Manchester Utd eng","ch Basel",3,0,"H"
2017-09-12,"2017/2018","Benfica pt","ru CSKA Moscow",1,2,"A"
2017-09-12,"2017/2018","Roma it","es Atlético Madrid",0,0,"D"
2017-09-12,"2017/2018","Barcelona es","it Juventus",3,0,"H"
2017-09-12,"2017/2018","Bayern Munich de","be Anderlecht",3,0,"H"
2017-09-12,"2017/2018","Olympiacos gr","pt Sporting CP",2,3,"A"
2017-09-13,"2017/2018","Porto pt","tr Beşiktaş",1,3,"A"
2017-09-13,"2017/2018","Liverpool eng","es Sevilla",2,2,"D"
2017-09-13,"2017/2018","Tottenham eng","de Dortmund",3,1,"H"
2017-09-13,"2017/2018","NK Maribor si","ru Spartak Moscow",1,1,"D"
2017-09-13,"2017/2018","Feyenoord nl","eng Manchester City",0,4,"A"
2017-09-13,"2017/2018","RB Leipzig de","fr Monaco",1,1,"D"
2017-09-13,"2017/2018","Real Madrid es","cy APOEL FC",3,0,"H"
2017-09-13,"2017/2018","Shakhtar ua","it Napoli",2,1,"H"
2017-09-26,"2017/2018","Manchester City eng","ua Shakhtar",2,0,"H"
2017-09-26,"2017/2018","Sevilla es","si NK Maribor",3,0,"H"
2017-09-26,"2017/2018","Dortmund de","es Real Madrid",1,3,"A"
2017-09-26,"2017/2018","Monaco fr","pt Porto",0,3,"A"
2017-09-26,"2017/2018","Napoli it","nl Feyenoord",3,1,"H"
2017-09-26,"2017/2018","Spartak Moscow ru","eng Liverpool",1,1,"D"
2017-09-26,"2017/2018","Beşiktaş tr","de RB Leipzig",2,0,"H"
2017-09-26,"2017/2018","APOEL FC cy","eng Tottenham",0,3,"A"
2017-09-27,"2017/2018","Sporting CP pt","es Barcelona",0,1,"A"
2017-09-27,"2017/2018","Qarabağ az","it Roma",1,2,"A"
2017-09-27,"2017/2018","Atlético Madrid es","eng Chelsea",1,2,"A"
2017-09-27,"2017/2018","Juventus it","gr Olympiacos",2,0,"H"
2017-09-27,"2017/2018","Basel ch","pt Benfica",5,0,"H"
2017-09-27,"2017/2018","Paris S-G fr","de Bayern Munich",3,0,"H"
2017-09-27,"2017/2018","Anderlecht be","sct Celtic",0,3,"A"
2017-09-28,"2017/2018","CSKA Moscow ru","eng Manchester Utd",1,4,"A"
2017-10-17,"2017/2018","Manchester City eng","it Napoli",2,1,"H"
2017-10-17,"2017/2018","Feyenoord nl","ua Shakhtar",1,2,"A"
2017-10-17,"2017/2018","Monaco fr","tr Beşiktaş",1,2,"A"
2017-10-17,"2017/2018","RB Leipzig de","pt Porto",3,2,"H"
2017-10-17,"2017/2018","Real Madrid es","eng Tottenham",1,1,"D"
2017-10-17,"2017/2018","NK Maribor si","eng Liverpool",0,7,"A"
2017-10-17,"2017/2018","Spartak Moscow ru","es Sevilla",5,1,"H"
2017-10-17,"2017/2018","APOEL FC cy","de Dortmund",1,1,"D"
2017-10-18,"2017/2018","Benfica pt","eng Manchester Utd",0,1,"A"
2017-10-18,"2017/2018","Chelsea eng","it Roma",3,3,"D"
2017-10-18,"2017/2018","Qarabağ az","es Atlético Madrid",0,0,"D"
2017-10-18,"2017/2018","Barcelona es","gr Olympiacos",3,1,"H"
2017-10-18,"2017/2018","Anderlecht be","fr Paris S-G",0,4,"A"
2017-10-18,"2017/2018","Bayern Munich de","sct Celtic",3,0,"H"
2017-10-18,"2017/2018","Juventus it","pt Sporting CP",2,1,"H"
2017-10-18,"2017/2018","CSKA Moscow ru","ch Basel",0,2,"A"
2017-10-31,"2017/2018","Celtic sct","de Bayern Munich",1,2,"A"
2017-10-31,"2017/2018","Sporting CP pt","it Juventus",1,1,"D"
2017-10-31,"2017/2018","Manchester Utd eng","pt Benfica",2,0,"H"
2017-10-31,"2017/2018","Paris S-G fr","be Anderlecht",5,0,"H"
2017-10-31,"2017/2018","Atlético Madrid es","az Qarabağ",1,1,"D"
2017-10-31,"2017/2018","Roma it","eng Chelsea",3,0,"H"
2017-10-31,"2017/2018","Basel ch","ru CSKA Moscow",1,2,"A"
2017-10-31,"2017/2018","Olympiacos gr","es Barcelona",0,0,"D"
2017-11-01,"2017/2018","Tottenham eng","es Real Madrid",3,1,"H"
2017-11-01,"2017/2018","Porto pt","de RB Leipzig",3,1,"H"
2017-11-01,"2017/2018","Liverpool eng","si NK Maribor",3,0,"H"
2017-11-01,"2017/2018","Beşiktaş tr","fr Monaco",1,1,"D"
2017-11-01,"2017/2018","Sevilla es","ru Spartak Moscow",2,1,"H"
2017-11-01,"2017/2018","Dortmund de","cy APOEL FC",1,1,"D"
2017-11-01,"2017/2018","Napoli it","eng Manchester City",2,4,"A"
2017-11-01,"2017/2018","Shakhtar ua","nl Feyenoord",3,1,"H"
2017-11-21,"2017/2018","Manchester City eng","nl Feyenoord",1,0,"H"
2017-11-21,"2017/2018","Beşiktaş tr","pt Porto",1,1,"D"
2017-11-21,"2017/2018","Spartak Moscow ru","si NK Maribor",1,1,"D"
2017-11-21,"2017/2018","Sevilla es","eng Liverpool",3,3,"D"
2017-11-21,"2017/2018","Napoli it","ua Shakhtar",3,0,"H"
2017-11-21,"2017/2018","Dortmund de","eng Tottenham",1,2,"A"
2017-11-21,"2017/2018","Monaco fr","de RB Leipzig",1,4,"A"
2017-11-21,"2017/2018","APOEL FC cy","es Real Madrid",0,6,"A"
2017-11-22,"2017/2018","Sporting CP pt","gr Olympiacos",3,1,"H"
2017-11-22,"2017/2018","CSKA Moscow ru","pt Benfica",2,0,"H"
2017-11-22,"2017/2018","Juventus it","es Barcelona",0,0,"D"
2017-11-22,"2017/2018","Basel ch","eng Manchester Utd",1,0,"H"
2017-11-22,"2017/2018","Anderlecht be","de Bayern Munich",1,2,"A"
2017-11-22,"2017/2018","Paris S-G fr","sct Celtic",7,1,"H"
2017-11-22,"2017/2018","Atlético Madrid es","it Roma",2,0,"H"
2017-11-22,"2017/2018","Qarabağ az","eng Chelsea",0,4,"A"
2017-12-05,"2017/2018","Chelsea eng","es Atlético Madrid",1,1,"D"
2017-12-05,"2017/2018","Celtic sct","be Anderlecht",0,1,"A"
2017-12-05,"2017/2018","Manchester Utd eng","ru CSKA Moscow",2,1,"H"
2017-12-05,"2017/2018","Benfica pt","ch Basel",0,2,"A"
2017-12-05,"2017/2018","Barcelona es","pt Sporting CP",2,0,"H"
2017-12-05,"2017/2018","Roma it","az Qarabağ",1,0,"H"
2017-12-05,"2017/2018","Bayern Munich de","fr Paris S-G",3,1,"H"
2017-12-05,"2017/2018","Olympiacos gr","it Juventus",0,2,"A"
2017-12-06,"2017/2018","Tottenham eng","cy APOEL FC",3,0,"H"
2017-12-06,"2017/2018","Porto pt","fr Monaco",5,2,"H"
2017-12-06,"2017/2018","Liverpool eng","ru Spartak Moscow",7,0,"H"
2017-12-06,"2017/2018","RB Leipzig de","tr Beşiktaş",1,2,"A"
2017-12-06,"2017/2018","Feyenoord nl","it Napoli",2,1,"H"
2017-12-06,"2017/2018","NK Maribor si","es Sevilla",1,1,"D"
2017-12-06,"2017/2018","Real Madrid es","de Dortmund",3,2,"H"
2017-12-06,"2017/2018","Shakhtar ua","eng Manchester City",2,1,"H"
2018-02-13,"2017/2018","Basel ch","eng Manchester City",0,4,"A"
2018-02-13,"2017/2018","Juventus it","eng Tottenham",2,2,"D"
2018-02-14,"2017/2018","Porto pt","eng Liverpool",0,5,"A"
2018-02-14,"2017/2018","Real Madrid es","fr Paris S-G",3,1,"H"
2018-02-20,"2017/2018","Chelsea eng","es Barcelona",1,1,"D"
2018-02-20,"2017/2018","Bayern Munich de","tr Beşiktaş",5,0,"H"
2018-02-21,"2017/2018","Sevilla es","eng Manchester Utd",0,0,"D"
2018-02-21,"2017/2018","Shakhtar ua","it Roma",2,1,"H"
2018-03-06,"2017/2018","Liverpool eng","pt Porto",0,0,"D"
2018-03-06,"2017/2018","Paris S-G fr","es Real Madrid",1,2,"A"
2018-03-07,"2017/2018","Tottenham eng","it Juventus",1,2,"A"
2018-03-07,"2017/2018","Manchester City eng","ch Basel",1,2,"A"
2018-03-13,"2017/2018","Manchester Utd eng","es Sevilla",1,2,"A"
2018-03-13,"2017/2018","Roma it","ua Shakhtar",1,0,"H"
2018-03-14,"2017/2018","Beşiktaş tr","de Bayern Munich",1,3,"A"
2018-03-14,"2017/2018","Barcelona es","eng Chelsea",3,0,"H"
2018-04-03,"2017/2018","Sevilla es","de Bayern Munich",1,2,"A"
2018-04-03,"2017/2018","Juventus it","es Real Madrid",0,3,"A"
2018-04-04,"2017/2018","Liverpool eng","eng Manchester City",3,0,"H"
2018-04-04,"2017/2018","Barcelona es","it Roma",4,1,"H"
2018-04-10,"2017/2018","Manchester City eng","eng Liverpool",1,2,"A"
2018-04-10,"2017/2018","Roma it","es Barcelona",3,0,"H"
2018-04-11,"2017/2018","Bayern Munich de","es Sevilla",0,0,"D"
2018-04-11,"2017/2018","Real Madrid es","it Juventus",1,3,"A"
2018-04-24,"2017/2018","Liverpool eng","it Roma",5,2,"H"
2018-04-25,"2017/2018","Bayern Munich de","es Real Madrid",1,2,"A"
2018-05-01,"2017/2018","Real Madrid es","de Bayern Munich",2,2,"D"
2018-05-02,"2017/2018","Roma it","eng Liverpool",4,2,"H"
2018-05-26,"2017/2018","Real Madrid es","eng Liverpool",3,1,"H"
2018-09-18,"2018/2019","Barcelona es","nl PSV Eindhoven",4,0,"H"
2018-09-18,"2018/2019","Inter it","eng Tottenham",2,1,"H"
2018-09-18,"2018/2019","Liverpool eng","fr Paris S-G",3,2,"H"
2018-09-18,"2018/2019","Red Star rs","it Napoli",0,0,"D"
2018-09-18,"2018/2019","Club Brugge be","de Dortmund",0,1,"A"
2018-09-18,"2018/2019","Monaco fr","es Atlético Madrid",1,2,"A"
2018-09-18,"2018/2019","Schalke 04 de","pt Porto",1,1,"D"
2018-09-18,"2018/2019","Galatasaray tr","ru Loko Moscow",3,0,"H"
2018-09-19,"2018/2019","Ajax nl","gr AEK Athens",3,0,"H"
2018-09-19,"2018/2019","Shakhtar ua","de Hoffenheim",2,2,"D"
2018-09-19,"2018/2019","Manchester City eng","fr Lyon",1,2,"A"
2018-09-19,"2018/2019","Benfica pt","de Bayern Munich",0,2,"A"
2018-09-19,"2018/2019","Valencia es","it Juventus",0,2,"A"
2018-09-19,"2018/2019","Real Madrid es","it Roma",3,0,"H"
2018-09-19,"2018/2019","Young Boys ch","eng Manchester Utd",0,3,"A"
2018-09-19,"2018/2019","Viktoria Plzeň cz","ru CSKA Moscow",2,2,"D"
2018-10-02,"2018/2019","Hoffenheim de","eng Manchester City",1,2,"A"
2018-10-02,"2018/2019","Juventus it","ch Young Boys",3,0,"H"
2018-10-02,"2018/2019","Manchester Utd eng","es Valencia",0,0,"D"
2018-10-02,"2018/2019","Bayern Munich de","nl Ajax",1,1,"D"
2018-10-02,"2018/2019","Lyon fr","ua Shakhtar",2,2,"D"
2018-10-02,"2018/2019","Roma it","cz Viktoria Plzeň",5,0,"H"
2018-10-02,"2018/2019","CSKA Moscow ru","es Real Madrid",1,0,"H"
2018-10-02,"2018/2019","AEK Athens gr","pt Benfica",2,3,"A"
2018-10-03,"2018/2019","Paris S-G fr","rs Red Star",6,1,"H"
2018-10-03,"2018/2019","Loko Moscow ru","de Schalke 04",0,1,"A"
2018-10-03,"2018/2019","Porto pt","tr Galatasaray",1,0,"H"
2018-10-03,"2018/2019","Tottenham eng","es Barcelona",2,4,"A"
2018-10-03,"2018/2019","Dortmund de","fr Monaco",3,0,"H"
2018-10-03,"2018/2019","PSV Eindhoven nl","it Inter",1,2,"A"
2018-10-03,"2018/2019","Napoli it","eng Liverpool",1,0,"H"
2018-10-03,"2018/2019","Atlético Madrid es","be Club Brugge",3,1,"H"
2018-10-23,"2018/2019","Young Boys ch","es Valencia",1,1,"D"
2018-10-23,"2018/2019","AEK Athens gr","de Bayern Munich",0,2,"A"
2018-10-23,"2018/2019","Manchester Utd eng","it Juventus",0,1,"A"
2018-10-23,"2018/2019","Real Madrid es","cz Viktoria Plzeň",2,1,"H"
2018-10-23,"2018/2019","Roma it","ru CSKA Moscow",3,0,"H"
2018-10-23,"2018/2019","Hoffenheim de","fr Lyon",3,3,"D"
2018-10-23,"2018/2019","Ajax nl","pt Benfica",1,0,"H"
2018-10-23,"2018/2019","Shakhtar ua","eng Manchester City",0,3,"A"
2018-10-24,"2018/2019","Club Brugge be","fr Monaco",1,1,"D"
2018-10-24,"2018/2019","PSV Eindhoven nl","eng Tottenham",2,2,"D"
2018-10-24,"2018/2019","Liverpool eng","rs Red Star",4,0,"H"
2018-10-24,"2018/2019","Barcelona es","it Inter",2,0,"H"
2018-10-24,"2018/2019","Paris S-G fr","it Napoli",2,2,"D"
2018-10-24,"2018/2019","Dortmund de","es Atlético Madrid",4,0,"H"
2018-10-24,"2018/2019","Loko Moscow ru","pt Porto",1,3,"A"
2018-10-24,"2018/2019","Galatasaray tr","de Schalke 04",0,0,"D"
2018-11-06,"2018/2019","Red Star rs","eng Liverpool",2,0,"H"
2018-11-06,"2018/2019","Monaco fr","be Club Brugge",0,4,"A"
2018-11-06,"2018/2019","Porto pt","ru Loko Moscow",4,1,"H"
2018-11-06,"2018/2019","Tottenham eng","nl PSV Eindhoven",2,1,"H"
2018-11-06,"2018/2019","Napoli it","fr Paris S-G",1,1,"D"
2018-11-06,"2018/2019","Schalke 04 de","tr Galatasaray",2,0,"H"
2018-11-06,"2018/2019","Atlético Madrid es","de Dortmund",2,0,"H"
2018-11-06,"2018/2019","Inter it","es Barcelona",1,1,"D"
2018-11-07,"2018/2019","Valencia es","ch Young Boys",3,1,"H"
2018-11-07,"2018/2019","Benfica pt","nl Ajax",1,1,"D"
2018-11-07,"2018/2019","Manchester City eng","ua Shakhtar",6,0,"H"
2018-11-07,"2018/2019","CSKA Moscow ru","it Roma",1,2,"A"
2018-11-07,"2018/2019","Viktoria Plzeň cz","es Real Madrid",0,5,"A"
2018-11-07,"2018/2019","Bayern Munich de","gr AEK Athens",2,0,"H"
2018-11-07,"2018/2019","Lyon fr","de Hoffenheim",2,2,"D"
2018-11-07,"2018/2019","Juventus it","eng Manchester Utd",1,2,"A"
2018-11-27,"2018/2019","AEK Athens gr","nl Ajax",0,2,"A"
2018-11-27,"2018/2019","Manchester Utd eng","ch Young Boys",1,0,"H"
2018-11-27,"2018/2019","CSKA Moscow ru","cz Viktoria Plzeň",1,2,"A"
2018-11-27,"2018/2019","Roma it","es Real Madrid",0,2,"A"
2018-11-27,"2018/2019","Juventus it","es Valencia",1,0,"H"
2018-11-27,"2018/2019","Lyon fr","eng Manchester City",2,2,"D"
2018-11-27,"2018/2019","Hoffenheim de","ua Shakhtar",2,3,"A"
2018-11-27,"2018/2019","Bayern Munich de","pt Benfica",5,1,"H"
2018-11-28,"2018/2019","Atlético Madrid es","fr Monaco",2,0,"H"
2018-11-28,"2018/2019","Tottenham eng","it Inter",1,0,"H"
2018-11-28,"2018/2019","Porto pt","de Schalke 04",3,1,"H"
2018-11-28,"2018/2019","Loko Moscow ru","tr Galatasaray",2,0,"H"
2018-11-28,"2018/2019","Paris S-G fr","eng Liverpool",2,1,"H"
2018-11-28,"2018/2019","Dortmund de","be Club Brugge",0,0,"D"
2018-11-28,"2018/2019","Napoli it","rs Red Star",3,1,"H"
2018-11-28,"2018/2019","PSV Eindhoven nl","es Barcelona",1,2,"A"
2018-12-11,"2018/2019","Schalke 04 de","ru Loko Moscow",1,0,"H"
2018-12-11,"2018/2019","Liverpool eng","it Napoli",1,0,"H"
2018-12-11,"2018/2019","Galatasaray tr","pt Porto",2,3,"A"
2018-12-11,"2018/2019","Red Star rs","fr Paris S-G",1,4,"A"
2018-12-11,"2018/2019","Monaco fr","de Dortmund",0,2,"A"
2018-12-11,"2018/2019","Club Brugge be","es Atlético Madrid",0,0,"D"
2018-12-11,"2018/2019","Barcelona es","eng Tottenham",1,1,"D"
2018-12-11,"2018/2019","Inter it","nl PSV Eindhoven",1,1,"D"
2018-12-12,"2018/2019","Viktoria Plzeň cz","it Roma",2,1,"H"
2018-12-12,"2018/2019","Real Madrid es","ru CSKA Moscow",0,3,"A"
2018-12-12,"2018/2019","Manchester City eng","de Hoffenheim",2,1,"H"
2018-12-12,"2018/2019","Benfica pt","gr AEK Athens",1,0,"H"
2018-12-12,"2018/2019","Valencia es","eng Manchester Utd",2,1,"H"
2018-12-12,"2018/2019","Young Boys ch","it Juventus",2,1,"H"
2018-12-12,"2018/2019","Ajax nl","de Bayern Munich",3,3,"D"
2018-12-12,"2018/2019","Shakhtar ua","fr Lyon",1,1,"D"
2019-02-12,"2018/2019","Manchester Utd eng","fr Paris S-G",0,2,"A"
2019-02-12,"2018/2019","Roma it","pt Porto",2,1,"H"
2019-02-13,"2018/2019","Tottenham eng","de Dortmund",3,0,"H"
2019-02-13,"2018/2019","Ajax nl","es Real Madrid",1,2,"A"
2019-02-19,"2018/2019","Liverpool eng","de Bayern Munich",0,0,"D"
2019-02-19,"2018/2019","Lyon fr","es Barcelona",0,0,"D"
2019-02-20,"2018/2019","Schalke 04 de","eng Manchester City",2,3,"A"
2019-02-20,"2018/2019","Atlético Madrid es","it Juventus",2,0,"H"
2019-03-05,"2018/2019","Real Madrid es","nl Ajax",1,4,"A"
2019-03-05,"2018/2019","Dortmund de","eng Tottenham",0,1,"A"
2019-03-06,"2018/2019","Porto pt","it Roma",3,1,"H"
2019-03-06,"2018/2019","Paris S-G fr","eng Manchester Utd",1,3,"A"
2019-03-12,"2018/2019","Manchester City eng","de Schalke 04",7,0,"H"
2019-03-12,"2018/2019","Juventus it","es Atlético Madrid",3,0,"H"
2019-03-13,"2018/2019","Barcelona es","fr Lyon",5,1,"H"
2019-03-13,"2018/2019","Bayern Munich de","eng Liverpool",1,3,"A"
2019-04-09,"2018/2019","Liverpool eng","pt Porto",2,0,"H"
2019-04-09,"2018/2019","Tottenham eng","eng Manchester City",1,0,"H"
2019-04-10,"2018/2019","Manchester Utd eng","es Barcelona",0,1,"A"
2019-04-10,"2018/2019","Ajax nl","it Juventus",1,1,"D"
2019-04-16,"2018/2019","Juventus it","nl Ajax",1,2,"A"
2019-04-16,"2018/2019","Barcelona es","eng Manchester Utd",3,0,"H"
2019-04-17,"2018/2019","Porto pt","eng Liverpool",1,4,"A"
2019-04-17,"2018/2019","Manchester City eng","eng Tottenham",4,3,"H"
2019-04-30,"2018/2019","Tottenham eng","nl Ajax",0,1,"A"
2019-05-01,"2018/2019","Barcelona es","eng Liverpool",3,0,"H"
2019-05-07,"2018/2019","Liverpool eng","es Barcelona",4,0,"H"
2019-05-08,"2018/2019","Ajax nl","eng Tottenham",2,3,"A"
2019-06-01,"2018/2019","Tottenham eng","eng Liverpool",0,2,"A"
2019-09-17,"2019/2020","Lyon fr","ru Zenit",1,1,"D"
2019-09-17,"2019/2020","Inter it","cz Slavia Prague",1,1,"D"
2019-09-17,"2019/2020","Chelsea eng","es Valencia",0,1,"A"
2019-09-17,"2019/2020","Benfica pt","de RB Leipzig",1,2,"A"
2019-09-17,"2019/2020","Dortmund de","es Barcelona",0,0,"D"
2019-09-17,"2019/2020","RB Salzburg at","be Genk",6,2,"H"
2019-09-17,"2019/2020","Ajax nl","fr Lille",3,0,"H"
2019-09-17,"2019/2020","Napoli it","eng Liverpool",2,0,"H"
2019-09-18,"2019/2020","Club Brugge be","tr Galatasaray",0,0,"D"
2019-09-18,"2019/2020","Olympiacos gr","eng Tottenham",2,2,"D"
2019-09-18,"2019/2020","Atlético Madrid es","it Juventus",2,2,"D"
2019-09-18,"2019/2020","Paris S-G fr","es Real Madrid",3,0,"H"
2019-09-18,"2019/2020","Bayern Munich de","rs Red Star",3,0,"H"
2019-09-18,"2019/2020","Dinamo Zagreb hr","it Atalanta",4,0,"H"
2019-09-18,"2019/2020","Leverkusen de","ru Loko Moscow",1,2,"A"
2019-09-18,"2019/2020","Shakhtar ua","eng Manchester City",0,3,"A"
2019-10-01,"2019/2020","Atalanta it","ua Shakhtar",1,2,"A"
2019-10-01,"2019/2020","Real Madrid es","be Club Brugge",2,2,"D"
2019-10-01,"2019/2020","Manchester City eng","hr Dinamo Zagreb",2,0,"H"
2019-10-01,"2019/2020","Tottenham eng","de Bayern Munich",2,7,"A"
2019-10-01,"2019/2020","Juventus it","de Leverkusen",3,0,"H"
2019-10-01,"2019/2020","Red Star rs","gr Olympiacos",3,1,"H"
2019-10-01,"2019/2020","Loko Moscow ru","es Atlético Madrid",0,2,"A"
2019-10-01,"2019/2020","Galatasaray tr","fr Paris S-G",0,1,"A"
2019-10-02,"2019/2020","Genk be","it Napoli",0,0,"D"
2019-10-02,"2019/2020","Slavia Prague cz","de Dortmund",0,2,"A"
2019-10-02,"2019/2020","Liverpool eng","at RB Salzburg",4,3,"H"
2019-10-02,"2019/2020","Barcelona es","it Inter",2,1,"H"
2019-10-02,"2019/2020","RB Leipzig de","fr Lyon",0,2,"A"
2019-10-02,"2019/2020","Lille fr","eng Chelsea",1,2,"A"
2019-10-02,"2019/2020","Valencia es","nl Ajax",0,3,"A"
2019-10-02,"2019/2020","Zenit ru","pt Benfica",3,1,"H"
2019-10-22,"2019/2020","Atlético Madrid es","de Leverkusen",1,0,"H"
2019-10-22,"2019/2020","Shakhtar ua","hr Dinamo Zagreb",2,2,"D"
2019-10-22,"2019/2020","Tottenham eng","rs Red Star",5,0,"H"
2019-10-22,"2019/2020","Manchester City eng","it Atalanta",5,1,"H"
2019-10-22,"2019/2020","Club Brugge be","fr Paris S-G",0,5,"A"
2019-10-22,"2019/2020","Juventus it","ru Loko Moscow",2,1,"H"
2019-10-22,"2019/2020","Olympiacos gr","de Bayern Munich",2,3,"A"
2019-10-22,"2019/2020","Galatasaray tr","es Real Madrid",0,1,"A"
2019-10-23,"2019/2020","RB Leipzig de","ru Zenit",2,1,"H"
2019-10-23,"2019/2020","Ajax nl","eng Chelsea",0,1,"A"
2019-10-23,"2019/2020","Benfica pt","fr Lyon",2,1,"H"
2019-10-23,"2019/2020","Inter it","de Dortmund",2,0,"H"
2019-10-23,"2019/2020","RB Salzburg at","it Napoli",2,3,"A"
2019-10-23,"2019/2020","Lille fr","es Valencia",1,1,"D"
2019-10-23,"2019/2020","Genk be","eng Liverpool",1,4,"A"
2019-10-23,"2019/2020","Slavia Prague cz","es Barcelona",1,2,"A"
2019-11-05,"2019/2020","Barcelona es","cz Slavia Prague",0,0,"D"
2019-11-05,"2019/2020","Liverpool eng","be Genk",2,1,"H"
2019-11-05,"2019/2020","Chelsea eng","nl Ajax",4,4,"D"
2019-11-05,"2019/2020","Zenit ru","de RB Leipzig",0,2,"A"
2019-11-05,"2019/2020","Valencia es","fr Lille",4,1,"H"
2019-11-05,"2019/2020","Napoli it","at RB Salzburg",1,1,"D"
2019-11-05,"2019/2020","Dortmund de","it Inter",3,2,"H"
2019-11-05,"2019/2020","Lyon fr","pt Benfica",3,1,"H"
2019-11-06,"2019/2020","Bayern Munich de","gr Olympiacos",2,0,"H"
2019-11-06,"2019/2020","Loko Moscow ru","it Juventus",1,2,"A"
2019-11-06,"2019/2020","Atalanta it","eng Manchester City",1,1,"D"
2019-11-06,"2019/2020","Leverkusen de","es Atlético Madrid",2,1,"H"
2019-11-06,"2019/2020","Paris S-G fr","be Club Brugge",1,0,"H"
2019-11-06,"2019/2020","Real Madrid es","tr Galatasaray",6,0,"H"
2019-11-06,"2019/2020","Red Star rs","eng Tottenham",0,4,"A"
2019-11-06,"2019/2020","Dinamo Zagreb hr","ua Shakhtar",3,3,"D"
2019-11-26,"2019/2020","Manchester City eng","ua Shakhtar",1,1,"D"
2019-11-26,"2019/2020","Tottenham eng","gr Olympiacos",4,2,"H"
2019-11-26,"2019/2020","Galatasaray tr","be Club Brugge",1,1,"D"
2019-11-26,"2019/2020","Loko Moscow ru","de Leverkusen",0,2,"A"
2019-11-26,"2019/2020","Real Madrid es","fr Paris S-G",2,2,"D"
2019-11-26,"2019/2020","Red Star rs","de Bayern Munich",0,6,"A"
2019-11-26,"2019/2020","Juventus it","es Atlético Madrid",1,0,"H"
2019-11-26,"2019/2020","Atalanta it","hr Dinamo Zagreb",2,0,"H"
2019-11-27,"2019/2020","Valencia es","eng Chelsea",2,2,"D"
2019-11-27,"2019/2020","Liverpool eng","it Napoli",1,1,"D"
2019-11-27,"2019/2020","Zenit ru","fr Lyon",2,0,"H"
2019-11-27,"2019/2020","Slavia Prague cz","it Inter",1,3,"A"
2019-11-27,"2019/2020","Genk be","at RB Salzburg",1,4,"A"
2019-11-27,"2019/2020","Lille fr","nl Ajax",0,2,"A"
2019-11-27,"2019/2020","RB Leipzig de","pt Benfica",2,2,"D"
2019-11-27,"2019/2020","Barcelona es","de Dortmund",3,1,"H"
2019-12-10,"2019/2020","Napoli it","be Genk",4,0,"H"
2019-12-10,"2019/2020","RB Salzburg at","eng Liverpool",0,2,"A"
2019-12-10,"2019/2020","Benfica pt","ru Zenit",3,0,"H"
2019-12-10,"2019/2020","Chelsea eng","fr Lille",2,1,"H"
2019-12-10,"2019/2020","Inter it","es Barcelona",1,2,"A"
2019-12-10,"2019/2020","Lyon fr","de RB Leipzig",2,2,"D"
2019-12-10,"2019/2020","Ajax nl","es Valencia",0,1,"A"
2019-12-10,"2019/2020","Dortmund de","cz Slavia Prague",2,1,"H"
2019-12-11,"2019/2020","Dinamo Zagreb hr","eng Manchester City",1,4,"A"
2019-12-11,"2019/2020","Shakhtar ua","it Atalanta",0,3,"A"
2019-12-11,"2019/2020","Paris S-G fr","tr Galatasaray",5,0,"H"
2019-12-11,"2019/2020","Bayern Munich de","eng Tottenham",3,1,"H"
2019-12-11,"2019/2020","Atlético Madrid es","ru Loko Moscow",2,0,"H"
2019-12-11,"2019/2020","Leverkusen de","it Juventus",0,2,"A"
2019-12-11,"2019/2020","Club Brugge be","es Real Madrid",1,3,"A"
2019-12-11,"2019/2020","Olympiacos gr","rs Red Star",1,0,"H"
2020-02-18,"2019/2020","Dortmund de","fr Paris S-G",2,1,"H"
2020-02-18,"2019/2020","Atlético Madrid es","eng Liverpool",1,0,"H"
2020-02-19,"2019/2020","Tottenham eng","de RB Leipzig",0,1,"A"
2020-02-19,"2019/2020","Atalanta it","es Valencia",4,1,"H"
2020-02-25,"2019/2020","Chelsea eng","de Bayern Munich",0,3,"A"
2020-02-25,"2019/2020","Napoli it","es Barcelona",1,1,"D"
2020-02-26,"2019/2020","Real Madrid es","eng Manchester City",1,2,"A"
2020-02-26,"2019/2020","Lyon fr","it Juventus",1,0,"H"
2020-03-10,"2019/2020","Valencia es","it Atalanta",3,4,"A"
2020-03-10,"2019/2020","RB Leipzig de","eng Tottenham",3,0,"H"
2020-03-11,"2019/2020","Liverpool eng","es Atlético Madrid",2,3,"A"
2020-03-11,"2019/2020","Paris S-G fr","de Dortmund",2,0,"H"
2020-08-07,"2019/2020","Manchester City eng","es Real Madrid",2,1,"H"
2020-08-07,"2019/2020","Juventus it","fr Lyon",2,1,"H"
2020-08-08,"2019/2020","Barcelona es","it Napoli",3,1,"H"
2020-08-08,"2019/2020","Bayern Munich de","eng Chelsea",4,1,"H"
2020-08-12,"2019/2020","Atalanta it","fr Paris S-G",1,2,"A"
2020-08-13,"2019/2020","RB Leipzig de","es Atlético Madrid",2,1,"H"
2020-08-14,"2019/2020","Barcelona es","de Bayern Munich",2,8,"A"
2020-08-15,"2019/2020","Manchester City eng","fr Lyon",1,3,"A"
2020-08-18,"2019/2020","RB Leipzig de","fr Paris S-G",0,3,"A"
2020-08-19,"2019/2020","Lyon fr","de Bayern Munich",0,3,"A"
2020-08-23,"2019/2020","Paris S-G fr","de Bayern Munich",0,1,"A"
2020-10-20,"2020/2021","Zenit ru","be Club Brugge",1,2,"A"
2020-10-20,"2020/2021","Dynamo Kyiv ua","it Juventus",0,2,"A"
2020-10-20,"2020/2021","Chelsea eng","es Sevilla",0,0,"D"
2020-10-20,"2020/2021","Barcelona es","hu Ferencváros",5,1,"H"
2020-10-20,"2020/2021","RB Leipzig de","tr Başakşehir",2,0,"H"
2020-10-20,"2020/2021","Rennes fr","ru Krasnodar",1,1,"D"
2020-10-20,"2020/2021","Paris S-G fr","eng Manchester Utd",1,2,"A"
2020-10-20,"2020/2021","Lazio it","de Dortmund",3,1,"H"
2020-10-21,"2020/2021","Real Madrid es","ua Shakhtar",2,3,"A"
2020-10-21,"2020/2021","RB Salzburg at","ru Loko Moscow",2,2,"D"
2020-10-21,"2020/2021","Manchester City eng","pt Porto",3,1,"H"
2020-10-21,"2020/2021","Bayern Munich de","es Atlético Madrid",4,0,"H"
2020-10-21,"2020/2021","Inter it","de Gladbach",2,2,"D"
2020-10-21,"2020/2021","Ajax nl","eng Liverpool",0,1,"A"
2020-10-21,"2020/2021","Midtjylland dk","it Atalanta",0,4,"A"
2020-10-21,"2020/2021","Olympiacos gr","fr Marseille",1,0,"H"
2020-10-27,"2020/2021","Shakhtar ua","it Inter",0,0,"D"
2020-10-27,"2020/2021","Liverpool eng","dk Midtjylland",2,0,"H"
2020-10-27,"2020/2021","Porto pt","gr Olympiacos",2,0,"H"
2020-10-27,"2020/2021","Loko Moscow ru","de Bayern Munich",1,2,"A"
2020-10-27,"2020/2021","Marseille fr","eng Manchester City",0,3,"A"
2020-10-27,"2020/2021","Atalanta it","nl Ajax",2,2,"D"
2020-10-27,"2020/2021","Atlético Madrid es","at RB Salzburg",3,2,"H"
2020-10-27,"2020/2021","Gladbach de","es Real Madrid",2,2,"D"
2020-10-28,"2020/2021","Manchester Utd eng","de RB Leipzig",5,0,"H"
2020-10-28,"2020/2021","Krasnodar ru","eng Chelsea",0,4,"A"
2020-10-28,"2020/2021","Başakşehir tr","fr Paris S-G",0,2,"A"
2020-10-28,"2020/2021","Dortmund de","ru Zenit",2,0,"H"
2020-10-28,"2020/2021","Club Brugge be","it Lazio",1,1,"D"
2020-10-28,"2020/2021","Sevilla es","fr Rennes",1,0,"H"
2020-10-28,"2020/2021","Ferencváros hu","ua Dynamo Kyiv",2,2,"D"
2020-10-28,"2020/2021","Juventus it","es Barcelona",0,2,"A"
2020-11-03,"2020/2021","Shakhtar ua","de Gladbach",0,6,"A"
2020-11-03,"2020/2021","Porto pt","fr Marseille",3,0,"H"
2020-11-03,"2020/2021","Manchester City eng","gr Olympiacos",3,0,"H"
2020-11-03,"2020/2021","Loko Moscow ru","es Atlético Madrid",1,1,"D"
2020-11-03,"2020/2021","RB Salzburg at","de Bayern Munich",2,6,"A"
2020-11-03,"2020/2021","Midtjylland dk","nl Ajax",1,2,"A"
2020-11-03,"2020/2021","Real Madrid es","it Inter",3,2,"H"
2020-11-03,"2020/2021","Atalanta it","eng Liverpool",0,5,"A"
2020-11-04,"2020/2021","Chelsea eng","fr Rennes",3,0,"H"
2020-11-04,"2020/2021","Başakşehir tr","eng Manchester Utd",2,1,"H"
2020-11-04,"2020/2021","Zenit ru","it Lazio",1,1,"D"
2020-11-04,"2020/2021","Sevilla es","ru Krasnodar",3,2,"H"
2020-11-04,"2020/2021","Club Brugge be","de Dortmund",0,3,"A"
2020-11-04,"2020/2021","Ferencváros hu","it Juventus",1,4,"A"
2020-11-04,"2020/2021","Barcelona es","ua Dynamo Kyiv",2,1,"H"
2020-11-04,"2020/2021","RB Leipzig de","fr Paris S-G",2,1,"H"
2020-11-24,"2020/2021","Rennes fr","eng Chelsea",1,2,"A"
2020-11-24,"2020/2021","Manchester Utd eng","tr Başakşehir",4,1,"H"
2020-11-24,"2020/2021","Krasnodar ru","es Sevilla",1,2,"A"
2020-11-24,"2020/2021","Lazio it","ru Zenit",3,1,"H"
2020-11-24,"2020/2021","Paris S-G fr","de RB Leipzig",1,0,"H"
2020-11-24,"2020/2021","Dortmund de","be Club Brugge",3,0,"H"
2020-11-24,"2020/2021","Juventus it","hu Ferencváros",2,1,"H"
2020-11-24,"2020/2021","Dynamo Kyiv ua","es Barcelona",0,4,"A"
2020-11-25,"2020/2021","Gladbach de","ua Shakhtar",4,0,"H"
2020-11-25,"2020/2021","Olympiacos gr","eng Manchester City",0,1,"A"
2020-11-25,"2020/2021","Liverpool eng","it Atalanta",0,2,"A"
2020-11-25,"2020/2021","Marseille fr","pt Porto",0,2,"A"
2020-11-25,"2020/2021","Inter it","es Real Madrid",0,2,"A"
2020-11-25,"2020/2021","Ajax nl","dk Midtjylland",3,1,"H"
2020-11-25,"2020/2021","Atlético Madrid es","ru Loko Moscow",0,0,"D"
2020-11-25,"2020/2021","Bayern Munich de","at RB Salzburg",3,1,"H"
2020-12-01,"2020/2021","Shakhtar ua","es Real Madrid",2,0,"H"
2020-12-01,"2020/2021","Liverpool eng","nl Ajax",1,0,"H"
2020-12-01,"2020/2021","Porto pt","eng Manchester City",0,0,"D"
2020-12-01,"2020/2021","Loko Moscow ru","at RB Salzburg",1,3,"A"
2020-12-01,"2020/2021","Marseille fr","gr Olympiacos",2,1,"H"
2020-12-01,"2020/2021","Atalanta it","dk Midtjylland",1,1,"D"
2020-12-01,"2020/2021","Gladbach de","it Inter",2,3,"A"
2020-12-01,"2020/2021","Atlético Madrid es","de Bayern Munich",1,1,"D"
2020-12-02,"2020/2021","Manchester Utd eng","fr Paris S-G",1,3,"A"
2020-12-02,"2020/2021","Krasnodar ru","fr Rennes",1,0,"H"
2020-12-02,"2020/2021","Başakşehir tr","de RB Leipzig",3,4,"A"
2020-12-02,"2020/2021","Club Brugge be","ru Zenit",3,0,"H"
2020-12-02,"2020/2021","Juventus it","ua Dynamo Kyiv",3,0,"H"
2020-12-02,"2020/2021","Dortmund de","it Lazio",1,1,"D"
2020-12-02,"2020/2021","Ferencváros hu","es Barcelona",0,3,"A"
2020-12-02,"2020/2021","Sevilla es","eng Chelsea",0,4,"A"
2020-12-08,"2020/2021","Lazio it","be Club Brugge",2,2,"D"
2020-12-08,"2020/2021","Chelsea eng","ru Krasnodar",1,1,"D"
2020-12-08,"2020/2021","Zenit ru","de Dortmund",1,2,"A"
2020-12-08,"2020/2021","Barcelona es","it Juventus",0,3,"A"
2020-12-08,"2020/2021","Rennes fr","es Sevilla",1,3,"A"
2020-12-08,"2020/2021","RB Leipzig de","eng Manchester Utd",3,2,"H"
2020-12-08,"2020/2021","Dynamo Kyiv ua","hu Ferencváros",1,0,"H"
2020-12-09,"2020/2021","Ajax nl","it Atalanta",0,1,"A"
2020-12-09,"2020/2021","Paris S-G fr","tr Başakşehir",5,1,"H"
2020-12-09,"2020/2021","Midtjylland dk","eng Liverpool",1,1,"D"
2020-12-09,"2020/2021","Manchester City eng","fr Marseille",3,0,"H"
2020-12-09,"2020/2021","Real Madrid es","de Gladbach",2,0,"H"
2020-12-09,"2020/2021","Bayern Munich de","ru Loko Moscow",2,0,"H"
2020-12-09,"2020/2021","RB Salzburg at","es Atlético Madrid",0,2,"A"
2020-12-09,"2020/2021","Inter it","ua Shakhtar",0,0,"D"
2020-12-09,"2020/2021","Olympiacos gr","pt Porto",0,2,"A"
2021-02-16,"2020/2021","Barcelona es","fr Paris S-G",1,4,"A"
2021-02-16,"2020/2021","RB Leipzig de","eng Liverpool",0,2,"A"
2021-02-17,"2020/2021","Porto pt","it Juventus",2,1,"H"
2021-02-17,"2020/2021","Sevilla es","de Dortmund",2,3,"A"
2021-02-23,"2020/2021","Lazio it","de Bayern Munich",1,4,"A"
2021-02-23,"2020/2021","Atlético Madrid es","eng Chelsea",0,1,"A"
2021-02-24,"2020/2021","Gladbach de","eng Manchester City",0,2,"A"
2021-02-24,"2020/2021","Atalanta it","es Real Madrid",0,1,"A"
2021-03-09,"2020/2021","Juventus it","pt Porto",3,2,"H"
2021-03-09,"2020/2021","Dortmund de","es Sevilla",2,2,"D"
2021-03-10,"2020/2021","Liverpool eng","de RB Leipzig",2,0,"H"
2021-03-10,"2020/2021","Paris S-G fr","es Barcelona",1,1,"D"
2021-03-16,"2020/2021","Manchester City eng","de Gladbach",2,0,"H"
2021-03-16,"2020/2021","Real Madrid es","it Atalanta",3,1,"H"
2021-03-17,"2020/2021","Chelsea eng","es Atlético Madrid",2,0,"H"
2021-03-17,"2020/2021","Bayern Munich de","it Lazio",2,1,"H"
2021-04-06,"2020/2021","Manchester City eng","de Dortmund",2,1,"H"
2021-04-06,"2020/2021","Real Madrid es","eng Liverpool",3,1,"H"
2021-04-07,"2020/2021","Porto pt","eng Chelsea",0,2,"A"
2021-04-07,"2020/2021","Bayern Munich de","fr Paris S-G",2,3,"A"
2021-04-13,"2020/2021","Chelsea eng","pt Porto",0,1,"A"
2021-04-13,"2020/2021","Paris S-G fr","de Bayern Munich",0,1,"A"
2021-04-14,"2020/2021","Liverpool eng","es Real Madrid",0,0,"D"
2021-04-14,"2020/2021","Dortmund de","eng Manchester City",1,2,"A"
2021-04-27,"2020/2021","Real Madrid es","eng Chelsea",1,1,"D"
2021-04-28,"2020/2021","Paris S-G fr","eng Manchester City",1,2,"A"
2021-05-04,"2020/2021","Manchester City eng","fr Paris S-G",2,0,"H"
2021-05-05,"2020/2021","Chelsea eng","es Real Madrid",2,0,"H"
2021-05-29,"2020/2021","Manchester City eng","eng Chelsea",0,1,"A"
2021-09-14,"2021/2022","Sevilla es","at RB Salzburg",1,1,"D"
2021-09-14,"2021/2022","Young Boys ch","eng Manchester Utd",2,1,"H"
2021-09-14,"2021/2022","Chelsea eng","ru Zenit",1,0,"H"
2021-09-14,"2021/2022","Villarreal es","it Atalanta",2,2,"D"
2021-09-14,"2021/2022","Barcelona es","de Bayern Munich",0,3,"A"
2021-09-14,"2021/2022","Lille fr","de Wolfsburg",0,0,"D"
2021-09-14,"2021/2022","Malmö se","it Juventus",0,3,"A"
2021-09-14,"2021/2022","Dynamo Kyiv ua","pt Benfica",0,0,"D"
2021-09-15,"2021/2022","Sheriff Tiraspol md","ua Shakhtar",2,0,"H"
2021-09-15,"2021/2022","Beşiktaş tr","de Dortmund",1,2,"A"
2021-09-15,"2021/2022","Sporting CP pt","nl Ajax",1,5,"A"
2021-09-15,"2021/2022","Manchester City eng","de RB Leipzig",6,3,"H"
2021-09-15,"2021/2022","Liverpool eng","it Milan",3,2,"H"
2021-09-15,"2021/2022","Inter it","es Real Madrid",0,1,"A"
2021-09-15,"2021/2022","Club Brugge be","fr Paris S-G",1,1,"D"
2021-09-15,"2021/2022","Atlético Madrid es","pt Porto",0,0,"D"
2021-09-28,"2021/2022","Ajax nl","tr Beşiktaş",2,0,"H"
2021-09-28,"2021/2022","Shakhtar ua","it Inter",0,0,"D"
2021-09-28,"2021/2022","Porto pt","eng Liverpool",1,5,"A"
2021-09-28,"2021/2022","Real Madrid es","md Sheriff Tiraspol",1,2,"A"
2021-09-28,"2021/2022","RB Leipzig de","be Club Brugge",1,2,"A"
2021-09-28,"2021/2022","Dortmund de","pt Sporting CP",1,0,"H"
2021-09-28,"2021/2022","Paris S-G fr","eng Manchester City",2,0,"H"
2021-09-28,"2021/2022","Milan it","es Atlético Madrid",1,2,"A"
2021-09-29,"2021/2022","Atalanta it","ch Young Boys",1,0,"H"
2021-09-29,"2021/2022","Zenit ru","se Malmö",4,0,"H"
2021-09-29,"2021/2022","Manchester Utd eng","es Villarreal",2,1,"H"
2021-09-29,"2021/2022","Benfica pt","es Barcelona",3,0,"H"
2021-09-29,"2021/2022","RB Salzburg at","fr Lille",2,1,"H"
2021-09-29,"2021/2022","Juventus it","eng Chelsea",1,0,"H"
2021-09-29,"2021/2022","Bayern Munich de","ua Dynamo Kyiv",5,0,"H"
2021-09-29,"2021/2022","Wolfsburg de","es Sevilla",1,1,"D"
2021-10-19,"2021/2022","Club Brugge be","eng Manchester City",1,5,"A"
2021-10-19,"2021/2022","Beşiktaş tr","pt Sporting CP",1,4,"A"
2021-10-19,"2021/2022","Porto pt","it Milan",1,0,"H"
2021-10-19,"2021/2022","Atlético Madrid es","eng Liverpool",2,3,"A"
2021-10-19,"2021/2022","Inter it","md Sheriff Tiraspol",3,1,"H"
2021-10-19,"2021/2022","Paris S-G fr","de RB Leipzig",3,2,"H"
2021-10-19,"2021/2022","Ajax nl","de Dortmund",4,0,"H"
2021-10-19,"2021/2022","Shakhtar ua","es Real Madrid",0,5,"A"
2021-10-20,"2021/2022","RB Salzburg at","de Wolfsburg",3,1,"H"
2021-10-20,"2021/2022","Barcelona es","ua Dynamo Kyiv",1,0,"H"
2021-10-20,"2021/2022","Manchester Utd eng","it Atalanta",3,2,"H"
2021-10-20,"2021/2022","Benfica pt","de Bayern Munich",0,4,"A"
2021-10-20,"2021/2022","Chelsea eng","se Malmö",4,0,"H"
2021-10-20,"2021/2022","Lille fr","es Sevilla",0,0,"D"
2021-10-20,"2021/2022","Young Boys ch","es Villarreal",1,4,"A"
2021-10-20,"2021/2022","Zenit ru","it Juventus",0,1,"A"
2021-11-02,"2021/2022","Wolfsburg de","at RB Salzburg",2,1,"H"
2021-11-02,"2021/2022","Malmö se","eng Chelsea",0,1,"A"
2021-11-02,"2021/2022","Bayern Munich de","pt Benfica",5,2,"H"
2021-11-02,"2021/2022","Atalanta it","eng Manchester Utd",2,2,"D"
2021-11-02,"2021/2022","Villarreal es","ch Young Boys",2,0,"H"
2021-11-02,"2021/2022","Juventus it","ru Zenit",4,2,"H"
2021-11-02,"2021/2022","Sevilla es","fr Lille",1,2,"A"
2021-11-02,"2021/2022","Dynamo Kyiv ua","es Barcelona",0,1,"A"
2021-11-03,"2021/2022","Milan it","pt Porto",1,1,"D"
2021-11-03,"2021/2022","Real Madrid es","ua Shakhtar",2,1,"H"
2021-11-03,"2021/2022","Manchester City eng","be Club Brugge",4,1,"H"
2021-11-03,"2021/2022","Sporting CP pt","tr Beşiktaş",4,0,"H"
2021-11-03,"2021/2022","Liverpool eng","es Atlético Madrid",2,0,"H"
2021-11-03,"2021/2022","RB Leipzig de","fr Paris S-G",2,2,"D"
2021-11-03,"2021/2022","Dortmund de","nl Ajax",1,3,"A"
2021-11-03,"2021/2022","Sheriff Tiraspol md","it Inter",1,3,"A"
2021-11-23,"2021/2022","Villarreal es","eng Manchester Utd",0,2,"A"
2021-11-23,"2021/2022","Dynamo Kyiv ua","de Bayern Munich",1,2,"A"
2021-11-23,"2021/2022","Chelsea eng","it Juventus",4,0,"H"
2021-11-23,"2021/2022","Barcelona es","pt Benfica",0,0,"D"
2021-11-23,"2021/2022","Lille fr","at RB Salzburg",1,0,"H"
2021-11-23,"2021/2022","Young Boys ch","it Atalanta",3,3,"D"
2021-11-23,"2021/2022","Sevilla es","de Wolfsburg",2,0,"H"
2021-11-23,"2021/2022","Malmö se","ru Zenit",1,1,"D"
2021-11-24,"2021/2022","Inter it","ua Shakhtar",2,0,"H"
2021-11-24,"2021/2022","Manchester City eng","fr Paris S-G",2,1,"H"
2021-11-24,"2021/2022","Sporting CP pt","de Dortmund",3,1,"H"
2021-11-24,"2021/2022","Liverpool eng","pt Porto",2,0,"H"
2021-11-24,"2021/2022","Beşiktaş tr","nl Ajax",1,2,"A"
2021-11-24,"2021/2022","Atlético Madrid es","it Milan",0,1,"A"
2021-11-24,"2021/2022","Club Brugge be","de RB Leipzig",0,5,"A"
2021-11-24,"2021/2022","Sheriff Tiraspol md","es Real Madrid",0,3,"A"
2021-12-07,"2021/2022","Paris S-G fr","be Club Brugge",4,1,"H"
2021-12-07,"2021/2022","RB Leipzig de","eng Manchester City",2,1,"H"
2021-12-07,"2021/2022","Porto pt","es Atlético Madrid",1,3,"A"
2021-12-07,"2021/2022","Real Madrid es","it Inter",2,0,"H"
2021-12-07,"2021/2022","Dortmund de","tr Beşiktaş",5,0,"H"
2021-12-07,"2021/2022","Ajax nl","pt Sporting CP",4,2,"H"
2021-12-07,"2021/2022","Milan it","eng Liverpool",1,2,"A"
2021-12-07,"2021/2022","Shakhtar ua","md Sheriff Tiraspol",1,1,"D"
2021-12-08,"2021/2022","Juventus it","se Malmö",1,0,"H"
2021-12-08,"2021/2022","Benfica pt","ua Dynamo Kyiv",2,0,"H"
2021-12-08,"2021/2022","Manchester Utd eng","ch Young Boys",1,1,"D"
2021-12-08,"2021/2022","Zenit ru","eng Chelsea",3,3,"D"
2021-12-08,"2021/2022","Bayern Munich de","es Barcelona",3,0,"H"
2021-12-08,"2021/2022","Wolfsburg de","fr Lille",1,3,"A"
2021-12-08,"2021/2022","RB Salzburg at","es Sevilla",1,0,"H"
2021-12-09,"2021/2022","Atalanta it","es Villarreal",2,3,"A"
2022-02-15,"2021/2022","Sporting CP pt","eng Manchester City",0,5,"A"
2022-02-15,"2021/2022","Paris S-G fr","es Real Madrid",1,0,"H"
2022-02-16,"2021/2022","RB Salzburg at","de Bayern Munich",1,1,"D"
2022-02-16,"2021/2022","Inter it","eng Liverpool",0,2,"A"
2022-02-22,"2021/2022","Chelsea eng","fr Lille",2,0,"H"
2022-02-22,"2021/2022","Villarreal es","it Juventus",1,1,"D"
2022-02-23,"2021/2022","Benfica pt","nl Ajax",2,2,"D"
2022-02-23,"2021/2022","Atlético Madrid es","eng Manchester Utd",1,1,"D"
2022-03-08,"2021/2022","Liverpool eng","it Inter",0,1,"A"
2022-03-08,"2021/2022","Bayern Munich de","at RB Salzburg",7,1,"H"
2022-03-09,"2021/2022","Manchester City eng","pt Sporting CP",0,0,"D"
2022-03-09,"2021/2022","Real Madrid es","fr Paris S-G",3,1,"H"
2022-03-15,"2021/2022","Manchester Utd eng","es Atlético Madrid",0,1,"A"
2022-03-15,"2021/2022","Ajax nl","pt Benfica",0,1,"A"
2022-03-16,"2021/2022","Lille fr","eng Chelsea",1,2,"A"
2022-03-16,"2021/2022","Juventus it","es Villarreal",0,3,"A"
2022-04-05,"2021/2022","Benfica pt","eng Liverpool",1,3,"A"
2022-04-05,"2021/2022","Manchester City eng","es Atlético Madrid",1,0,"H"
2022-04-06,"2021/2022","Chelsea eng","es Real Madrid",1,3,"A"
2022-04-06,"2021/2022","Villarreal es","de Bayern Munich",1,0,"H"
2022-04-12,"2021/2022","Bayern Munich de","es Villarreal",1,1,"D"
2022-04-12,"2021/2022","Real Madrid es","eng Chelsea",2,3,"A"
2022-04-13,"2021/2022","Liverpool eng","pt Benfica",3,3,"D"
2022-04-13,"2021/2022","Atlético Madrid es","eng Manchester City",0,0,"D"
2022-04-26,"2021/2022","Manchester City eng","es Real Madrid",4,3,"H"
2022-04-27,"2021/2022","Liverpool eng","es Villarreal",2,0,"H"
2022-05-03,"2021/2022","Villarreal es","eng Liverpool",2,3,"A"
2022-05-04,"2021/2022","Real Madrid es","eng Manchester City",3,1,"H"
2022-05-28,"2021/2022","Liverpool eng","es Real Madrid",0,1,"A"
2022-09-06,"2022/2023","Dinamo Zagreb hr","eng Chelsea",1,0,"H"
2022-09-06,"2022/2023","Dortmund de","dk FC Copenhagen",3,0,"H"
2022-09-06,"2022/2023","Celtic sct","es Real Madrid",0,3,"A"
2022-09-06,"2022/2023","Benfica pt","il Maccabi Haifa",2,0,"H"
2022-09-06,"2022/2023","RB Salzburg at","it Milan",1,1,"D"
2022-09-06,"2022/2023","Sevilla es","eng Manchester City",0,4,"A"
2022-09-06,"2022/2023","RB Leipzig de","ua Shakhtar",1,4,"A"
2022-09-06,"2022/2023","Paris S-G fr","it Juventus",2,1,"H"
2022-09-07,"2022/2023","Ajax nl","sct Rangers",4,0,"H"
2022-09-07,"2022/2023","Eint Frankfurt de","pt Sporting CP",0,3,"A"
2022-09-07,"2022/2023","Tottenham eng","fr Marseille",2,0,"H"
2022-09-07,"2022/2023","Napoli it","eng Liverpool",4,1,"H"
2022-09-07,"2022/2023","Atlético Madrid es","pt Porto",2,1,"H"
2022-09-07,"2022/2023","Barcelona es","cz Viktoria Plzeň",5,1,"H"
2022-09-07,"2022/2023","Inter it","de Bayern Munich",0,2,"A"
2022-09-07,"2022/2023","Club Brugge be","de Leverkusen",1,0,"H"
2022-09-13,"2022/2023","Sporting CP pt","eng Tottenham",2,0,"H"
2022-09-13,"2022/2023","Viktoria Plzeň cz","it Inter",0,2,"A"
2022-09-13,"2022/2023","Liverpool eng","nl Ajax",2,1,"H"
2022-09-13,"2022/2023","Porto pt","be Club Brugge",0,4,"A"
2022-09-13,"2022/2023","Leverkusen de","es Atlético Madrid",2,0,"H"
2022-09-13,"2022/2023","Marseille fr","de Eint Frankfurt",0,1,"A"
2022-09-13,"2022/2023","Bayern Munich de","es Barcelona",2,0,"H"
2022-09-14,"2022/2023","Milan it","hr Dinamo Zagreb",3,1,"H"
2022-09-14,"2022/2023","Shakhtar ua","sct Celtic",1,1,"D"
2022-09-14,"2022/2023","Rangers sct","it Napoli",0,3,"A"
2022-09-14,"2022/2023","Chelsea eng","at RB Salzburg",1,1,"D"
2022-09-14,"2022/2023","Manchester City eng","de Dortmund",2,1,"H"
2022-09-14,"2022/2023","FC Copenhagen dk","es Sevilla",0,0,"D"
2022-09-14,"2022/2023","Juventus it","pt Benfica",1,2,"A"
2022-09-14,"2022/2023","Real Madrid es","de RB Leipzig",2,0,"H"
2022-09-14,"2022/2023","Maccabi Haifa il","fr Paris S-G",1,3,"A"
2022-10-04,"2022/2023","Bayern Munich de","cz Viktoria Plzeň",5,0,"H"
2022-10-04,"2022/2023","Marseille fr","pt Sporting CP",4,1,"H"
2022-10-04,"2022/2023","Liverpool eng","sct Rangers",2,0,"H"
2022-10-04,"2022/2023","Porto pt","de Leverkusen",2,0,"H"
2022-10-04,"2022/2023","Eint Frankfurt de","eng Tottenham",0,0,"D"
2022-10-04,"2022/2023","Inter it","es Barcelona",1,0,"H"
2022-10-04,"2022/2023","Ajax nl","it Napoli",1,6,"A"
2022-10-04,"2022/2023","Club Brugge be","es Atlético Madrid",2,0,"H"
2022-10-05,"2022/2023","RB Leipzig de","sct Celtic",3,1,"H"
2022-10-05,"2022/2023","RB Salzburg at","hr Dinamo Zagreb",1,0,"H"
2022-10-05,"2022/2023","Chelsea eng","it Milan",3,0,"H"
2022-10-05,"2022/2023","Benfica pt","fr Paris S-G",1,1,"D"
2022-10-05,"2022/2023","Manchester City eng","dk FC Copenhagen",5,0,"H"
2022-10-05,"2022/2023","Real Madrid es","ua Shakhtar",2,1,"H"
2022-10-05,"2022/2023","Sevilla es","de Dortmund",1,4,"A"
2022-10-05,"2022/2023","Juventus it","il Maccabi Haifa",3,1,"H"
2022-10-11,"2022/2023","FC Copenhagen dk","eng Manchester City",0,0,"D"
2022-10-11,"2022/2023","Maccabi Haifa il","it Juventus",2,0,"H"
2022-10-11,"2022/2023","Celtic sct","de RB Leipzig",0,2,"A"
2022-10-11,"2022/2023","Dortmund de","es Sevilla",1,1,"D"
2022-10-11,"2022/2023","Paris S-G fr","pt Benfica",1,1,"D"
2022-10-11,"2022/2023","Milan it","eng Chelsea",0,2,"A"
2022-10-11,"2022/2023","Dinamo Zagreb hr","at RB Salzburg",1,1,"D"
2022-10-11,"2022/2023","Shakhtar ua","es Real Madrid",1,1,"D"
2022-10-12,"2022/2023","Napoli it","nl Ajax",4,2,"H"
2022-10-12,"2022/2023","Atlético Madrid es","be Club Brugge",0,0,"D"
2022-10-12,"2022/2023","Sporting CP pt","fr Marseille",0,2,"A"
2022-10-12,"2022/2023","Rangers sct","eng Liverpool",1,7,"A"
2022-10-12,"2022/2023","Tottenham eng","de Eint Frankfurt",3,2,"H"
2022-10-12,"2022/2023","Viktoria Plzeň cz","de Bayern Munich",2,4,"A"
2022-10-12,"2022/2023","Leverkusen de","pt Porto",0,3,"A"
2022-10-12,"2022/2023","Barcelona es","it Inter",3,3,"D"
2022-10-25,"2022/2023","Sevilla es","dk FC Copenhagen",3,0,"H"
2022-10-25,"2022/2023","RB Salzburg at","eng Chelsea",1,2,"A"
2022-10-25,"2022/2023","Benfica pt","it Juventus",4,3,"H"
2022-10-25,"2022/2023","Celtic sct","ua Shakhtar",1,1,"D"
2022-10-25,"2022/2023","Paris S-G fr","il Maccabi Haifa",7,2,"H"
2022-10-25,"2022/2023","Dortmund de","eng Manchester City",0,0,"D"
2022-10-25,"2022/2023","RB Leipzig de","es Real Madrid",3,2,"H"
2022-10-25,"2022/2023","Dinamo Zagreb hr","it Milan",0,4,"A"
2022-10-26,"2022/2023","Club Brugge be","pt Porto",0,4,"A"
2022-10-26,"2022/2023","Inter it","cz Viktoria Plzeň",4,0,"H"
2022-10-26,"2022/2023","Tottenham eng","pt Sporting CP",1,1,"D"
2022-10-26,"2022/2023","Eint Frankfurt de","fr Marseille",2,1,"H"
2022-10-26,"2022/2023","Atlético Madrid es","de Leverkusen",2,2,"D"
2022-10-26,"2022/2023","Barcelona es","de Bayern Munich",0,3,"A"
2022-10-26,"2022/2023","Ajax nl","eng Liverpool",0,3,"A"
2022-10-26,"2022/2023","Napoli it","sct Rangers",3,0,"H"
2022-11-01,"2022/2023","Porto pt","es Atlético Madrid",2,1,"H"
2022-11-01,"2022/2023","Leverkusen de","be Club Brugge",0,0,"D"
2022-11-01,"2022/2023","Liverpool eng","it Napoli",2,0,"H"
2022-11-01,"2022/2023","Rangers sct","nl Ajax",1,3,"A"
2022-11-01,"2022/2023","Sporting CP pt","de Eint Frankfurt",1,2,"A"
2022-11-01,"2022/2023","Marseille fr","eng Tottenham",1,2,"A"
2022-11-01,"2022/2023","Bayern Munich de","it Inter",2,0,"H"
2022-11-01,"2022/2023","Viktoria Plzeň cz","es Barcelona",2,4,"A"
2022-11-02,"2022/2023","Real Madrid es","sct Celtic",5,1,"H"
2022-11-02,"2022/2023","Shakhtar ua","de RB Leipzig",0,4,"A"
2022-11-02,"2022/2023","Manchester City eng","es Sevilla",3,1,"H"
2022-11-02,"2022/2023","Chelsea eng","hr Dinamo Zagreb",2,1,"H"
2022-11-02,"2022/2023","FC Copenhagen dk","de Dortmund",1,1,"D"
2022-11-02,"2022/2023","Juventus it","fr Paris S-G",1,2,"A"
2022-11-02,"2022/2023","Milan it","at RB Salzburg",4,0,"H"
2022-11-02,"2022/2023","Maccabi Haifa il","pt Benfica",1,6,"A"
2023-02-14,"2022/2023","Paris S-G fr","de Bayern Munich",0,1,"A"
2023-02-14,"2022/2023","Milan it","eng Tottenham",1,0,"H"
2023-02-15,"2022/2023","Dortmund de","eng Chelsea",1,0,"H"
2023-02-15,"2022/2023","Club Brugge be","pt Benfica",0,2,"A"
2023-02-21,"2022/2023","Liverpool eng","es Real Madrid",2,5,"A"
2023-02-21,"2022/2023","Eint Frankfurt de","it Napoli",0,2,"A"
2023-02-22,"2022/2023","RB Leipzig de","eng Manchester City",1,1,"D"
2023-02-22,"2022/2023","Inter it","pt Porto",1,0,"H"
2023-03-07,"2022/2023","Chelsea eng","de Dortmund",2,0,"H"
2023-03-07,"2022/2023","Benfica pt","be Club Brugge",5,1,"H"
2023-03-08,"2022/2023","Tottenham eng","it Milan",0,0,"D"
2023-03-08,"2022/2023","Bayern Munich de","fr Paris S-G",2,0,"H"
2023-03-14,"2022/2023","Porto pt","it Inter",0,0,"D"
2023-03-14,"2022/2023","Manchester City eng","de RB Leipzig",7,0,"H"
2023-03-15,"2022/2023","Napoli it","de Eint Frankfurt",3,0,"H"
2023-03-15,"2022/2023","Real Madrid es","eng Liverpool",1,0,"H"
2023-04-11,"2022/2023","Benfica pt","it Inter",0,2,"A"
2023-04-11,"2022/2023","Manchester City eng","de Bayern Munich",3,0,"H"
2023-04-12,"2022/2023","Real Madrid es","eng Chelsea",2,0,"H"
2023-04-12,"2022/2023","Milan it","it Napoli",1,0,"H"
2023-04-18,"2022/2023","Chelsea eng","es Real Madrid",0,2,"A"
2023-04-18,"2022/2023","Napoli it","it Milan",1,1,"D"
2023-04-19,"2022/2023","Bayern Munich de","eng Manchester City",1,1,"D"
2023-04-19,"2022/2023","Inter it","pt Benfica",3,3,"D"
2023-05-09,"2022/2023","Real Madrid es","eng Manchester City",1,1,"D"
2023-05-10,"2022/2023","Milan it","it Inter",0,2,"A"
2023-05-16,"2022/2023","Inter it","it Milan",1,0,"H"
2023-05-17,"2022/2023","Manchester City eng","es Real Madrid",4,0,"H"
2023-06-10,"2022/2023","Manchester City eng","it Inter",1,0,"H"
2023-09-19,"2023/2024","Milan it","eng Newcastle Utd",0,0,"D"
2023-09-19,"2023/2024","Young Boys ch","de RB Leipzig",1,3,"A"
2023-09-19,"2023/2024","Manchester City eng","rs Red Star",3,1,"H"
2023-09-19,"2023/2024","Paris S-G fr","de Dortmund",2,0,"H"
2023-09-19,"2023/2024","Lazio it","es Atlético Madrid",1,1,"D"
2023-09-19,"2023/2024","Feyenoord nl","sct Celtic",2,0,"H"
2023-09-19,"2023/2024","Barcelona es","be Antwerp",5,0,"H"
2023-09-19,"2023/2024","Shakhtar ua","pt Porto",1,3,"A"
2023-09-20,"2023/2024","Real Madrid es","de Union Berlin",1,0,"H"
2023-09-20,"2023/2024","Galatasaray tr","dk FC Copenhagen",2,2,"D"
2023-09-20,"2023/2024","Braga pt","it Napoli",1,2,"A"
2023-09-20,"2023/2024","Arsenal eng","nl PSV Eindhoven",4,0,"H"
2023-09-20,"2023/2024","Benfica pt","at RB Salzburg",0,2,"A"
2023-09-20,"2023/2024","Sevilla es","fr Lens",1,1,"D"
2023-09-20,"2023/2024","Bayern Munich de","eng Manchester Utd",4,3,"H"
2023-09-20,"2023/2024","Real Sociedad es","it Inter",1,1,"D"
2023-10-03,"2023/2024","RB Salzburg at","es Real Sociedad",0,2,"A"
2023-10-03,"2023/2024","Union Berlin de","pt Braga",2,3,"A"
2023-10-03,"2023/2024","Manchester Utd eng","tr Galatasaray",2,3,"A"
2023-10-03,"2023/2024","PSV Eindhoven nl","es Sevilla",2,2,"D"
2023-10-03,"2023/2024","Inter it","pt Benfica",1,0,"H"
2023-10-03,"2023/2024","FC Copenhagen dk","de Bayern Munich",1,2,"A"
2023-10-03,"2023/2024","Napoli it","es Real Madrid",2,3,"A"
2023-10-03,"2023/2024","Lens fr","eng Arsenal",2,1,"H"
2023-10-04,"2023/2024","Atlético Madrid es","nl Feyenoord",3,2,"H"
2023-10-04,"2023/2024","Antwerp be","ua Shakhtar",2,3,"A"
2023-10-04,"2023/2024","Newcastle Utd eng","fr Paris S-G",4,1,"H"
2023-10-04,"2023/2024","Porto pt","es Barcelona",0,1,"A"
2023-10-04,"2023/2024","Celtic sct","it Lazio",1,2,"A"
2023-10-04,"2023/2024","RB Leipzig de","eng Manchester City",1,3,"A"
2023-10-04,"2023/2024","Dortmund de","it Milan",0,0,"D"
2023-10-04,"2023/2024","Red Star rs","ch Young Boys",2,2,"D"
2023-10-24,"2023/2024","Inter it","at RB Salzburg",2,1,"H"
2023-10-24,"2023/2024","Galatasaray tr","de Bayern Munich",1,3,"A"
2023-10-24,"2023/2024","Manchester Utd eng","dk FC Copenhagen",1,0,"H"
2023-10-24,"2023/2024","Benfica pt","es Real Sociedad",0,1,"A"
2023-10-24,"2023/2024","Braga pt","es Real Madrid",1,2,"A"
2023-10-24,"2023/2024","Sevilla es","eng Arsenal",1,2,"A"
2023-10-24,"2023/2024","Lens fr","nl PSV Eindhoven",1,1,"D"
2023-10-24,"2023/2024","Union Berlin de","it Napoli",0,1,"A"
2023-10-25,"2023/2024","Barcelona es","ua Shakhtar",2,1,"H"
2023-10-25,"2023/2024","Feyenoord nl","it Lazio",3,1,"H"
2023-10-25,"2023/2024","Celtic sct","es Atlético Madrid",2,2,"D"
2023-10-25,"2023/2024","Newcastle Utd eng","de Dortmund",0,1,"A"
2023-10-25,"2023/2024","Antwerp be","pt Porto",1,4,"A"
2023-10-25,"2023/2024","Young Boys ch","eng Manchester City",1,3,"A"
2023-10-25,"2023/2024","Paris S-G fr","it Milan",3,0,"H"
2023-10-25,"2023/2024","RB Leipzig de","rs Red Star",3,1,"H"
2023-11-07,"2023/2024","Dortmund de","eng Newcastle Utd",2,0,"H"
2023-11-07,"2023/2024","Shakhtar ua","es Barcelona",1,0,"H"
2023-11-07,"2023/2024","Manchester City eng","ch Young Boys",3,0,"H"
2023-11-07,"2023/2024","Porto pt","be Antwerp",2,0,"H"
2023-11-07,"2023/2024","Red Star rs","de RB Leipzig",1,2,"A"
2023-11-07,"2023/2024","Milan it","fr Paris S-G",2,1,"H"
2023-11-07,"2023/2024","Atlético Madrid es","sct Celtic",6,0,"H"
2023-11-07,"2023/2024","Lazio it","nl Feyenoord",1,0,"H"
2023-11-08,"2023/2024","Real Sociedad es","pt Benfica",3,1,"H"
2023-11-08,"2023/2024","Napoli it","de Union Berlin",1,1,"D"
2023-11-08,"2023/2024","Arsenal eng","es Sevilla",2,0,"H"
2023-11-08,"2023/2024","PSV Eindhoven nl","fr Lens",1,0,"H"
2023-11-08,"2023/2024","RB Salzburg at","it Inter",0,1,"A"
2023-11-08,"2023/2024","FC Copenhagen dk","eng Manchester Utd",4,3,"H"
2023-11-08,"2023/2024","Bayern Munich de","tr Galatasaray",2,1,"H"
2023-11-08,"2023/2024","Real Madrid es","pt Braga",3,0,"H"
2023-11-28,"2023/2024","Lazio it","sct Celtic",2,0,"H"
2023-11-28,"2023/2024","Shakhtar ua","be Antwerp",1,0,"H"
2023-11-28,"2023/2024","Manchester City eng","de RB Leipzig",3,2,"H"
2023-11-28,"2023/2024","Milan it","de Dortmund",1,3,"A"
2023-11-28,"2023/2024","Paris S-G fr","eng Newcastle Utd",1,1,"D"
2023-11-28,"2023/2024","Feyenoord nl","es Atlético Madrid",1,3,"A"
2023-11-28,"2023/2024","Young Boys ch","rs Red Star",2,0,"H"
2023-11-28,"2023/2024","Barcelona es","pt Porto",2,1,"H"
2023-11-29,"2023/2024","Sevilla es","nl PSV Eindhoven",2,3,"A"
2023-11-29,"2023/2024","Benfica pt","it Inter",3,3,"D"
2023-11-29,"2023/2024","Braga pt","de Union Berlin",1,1,"D"
2023-11-29,"2023/2024","Arsenal eng","fr Lens",6,0,"H"
2023-11-29,"2023/2024","Galatasaray tr","eng Manchester Utd",3,3,"D"
2023-11-29,"2023/2024","Bayern Munich de","dk FC Copenhagen",0,0,"D"
2023-11-29,"2023/2024","Real Madrid es","it Napoli",4,2,"H"
2023-11-29,"2023/2024","Real Sociedad es","at RB Salzburg",0,0,"D"
2023-12-12,"2023/2024","Lens fr","es Sevilla",2,1,"H"
2023-12-12,"2023/2024","PSV Eindhoven nl","eng Arsenal",1,1,"D"
2023-12-12,"2023/2024","Manchester Utd eng","de Bayern Munich",0,1,"A"
2023-12-12,"2023/2024","FC Copenhagen dk","tr Galatasaray",1,0,"H"
2023-12-12,"2023/2024","Inter it","es Real Sociedad",0,0,"D"
2023-12-12,"2023/2024","RB Salzburg at","pt Benfica",1,3,"A"
2023-12-12,"2023/2024","Union Berlin de","es Real Madrid",2,3,"A"
2023-12-12,"2023/2024","Napoli it","pt Braga",2,0,"H"
2023-12-13,"2023/2024","RB Leipzig de","ch Young Boys",2,1,"H"
2023-12-13,"2023/2024","Red Star rs","eng Manchester City",2,3,"A"
2023-12-13,"2023/2024","Newcastle Utd eng","it Milan",1,2,"A"
2023-12-13,"2023/2024","Porto pt","ua Shakhtar",5,3,"H"
2023-12-13,"2023/2024","Celtic sct","nl Feyenoord",2,1,"H"
2023-12-13,"2023/2024","Antwerp be","es Barcelona",3,2,"H"
2023-12-13,"2023/2024","Dortmund de","fr Paris S-G",1,1,"D"
2023-12-13,"2023/2024","Atlético Madrid es","it Lazio",2,0,"H"
2024-02-13,"2023/2024","RB Leipzig de","es Real Madrid",0,1,"A"
2024-02-13,"2023/2024","FC Copenhagen dk","eng Manchester City",1,3,"A"
2024-02-14,"2023/2024","Lazio it","de Bayern Munich",1,0,"H"
2024-02-14,"2023/2024","Paris S-G fr","es Real Sociedad",2,0,"H"
2024-02-20,"2023/2024","PSV Eindhoven nl","de Dortmund",1,1,"D"
2024-02-20,"2023/2024","Inter it","es Atlético Madrid",1,0,"H"
2024-02-21,"2023/2024","Porto pt","eng Arsenal",1,0,"H"
2024-02-21,"2023/2024","Napoli it","es Barcelona",1,1,"D"
2024-03-05,"2023/2024","Bayern Munich de","it Lazio",3,0,"H"
2024-03-05,"2023/2024","Real Sociedad es","fr Paris S-G",1,2,"A"
2024-03-06,"2023/2024","Manchester City eng","dk FC Copenhagen",3,1,"H"
2024-03-06,"2023/2024","Real Madrid es","de RB Leipzig",1,1,"D"
2024-03-12,"2023/2024","Arsenal eng","pt Porto",1,1,"D"
2024-03-12,"2023/2024","Barcelona es","it Napoli",3,1,"H"
2024-03-13,"2023/2024","Dortmund de","nl PSV Eindhoven",2,0,"H"
2024-03-13,"2023/2024","Atlético Madrid es","it Inter",2,2,"D"
2024-04-09,"2023/2024","Arsenal eng","de Bayern Munich",2,2,"D"
2024-04-09,"2023/2024","Real Madrid es","eng Manchester City",3,3,"D"
2024-04-10,"2023/2024","Atlético Madrid es","de Dortmund",2,1,"H"
2024-04-10,"2023/2024","Paris S-G fr","es Barcelona",2,3,"A"
2024-04-16,"2023/2024","Barcelona es","fr Paris S-G",1,4,"A"
2024-04-16,"2023/2024","Dortmund de","es Atlético Madrid",4,2,"H"
2024-04-17,"2023/2024","Manchester City eng","es Real Madrid",1,1,"D"
2024-04-17,"2023/2024","Bayern Munich de","eng Arsenal",1,0,"H"
2024-04-30,"2023/2024","Bayern Munich de","es Real Madrid",2,2,"D"
2024-05-01,"2023/2024","Dortmund de","fr Paris S-G",1,0,"H"
2024-05-07,"2023/2024","Paris S-G fr","de Dortmund",0,1,"A"
2024-05-08,"2023/2024","Real Madrid es","de Bayern Munich",2,1,"H"
2024-06-01,"2023/2024","Dortmund de","es Real Madrid",0,2,"A"
